time,latitude,longitude,depth,mag
2025-09-30T16:49:43.533Z,-7.2032,114.1844,19.498,6
2025-09-25T09:04:11.319Z,-7.8439,114.4692,10,5.2
2025-09-11T03:14:59.008Z,-9.623,112.8724,49.654,5
2025-05-27T00:55:04.856Z,-10.2116,110.3,10,5.3
2025-04-22T10:14:04.442Z,-8.1895,106.94,41.502,5.2
2025-02-14T12:28:33.614Z,-7.3712,105.5416,48.79,5.1
2025-02-01T00:40:16.806Z,-8.7303,110.2905,71.742,5
2024-12-20T18:22:39.340Z,-6.4479,105.0901,54.956,5
2024-09-18T02:41:06.723Z,-7.2418,107.5662,10,5
2024-09-15T09:54:33.875Z,-7.3767,106.6662,51.169,5
2024-09-06T19:02:01.444Z,-8.1642,106.829,10.274,5
2024-08-26T12:57:40.907Z,-8.7602,110.259,54.841,5.4
2024-08-14T17:55:39.603Z,-7.6359,106.0795,19.222,5
2024-08-14T16:46:40.633Z,-9.3438,107.7159,8.526,5
2024-06-30T16:06:29.333Z,-9.3734,107.4144,20.277,5.2
2024-05-27T19:53:57.681Z,-10.2431,111.4012,10,5
2024-05-20T19:42:15.945Z,-8.9412,112.6283,88.44,5
2024-04-27T16:29:50.643Z,-8.005,107.2798,59.701,6.1
2024-04-22T11:11:33.022Z,-8.8902,111.2844,35,5.3
2024-04-22T11:10:48.733Z,-8.9573,111.2888,54.28,5.1
2024-04-03T09:02:16.573Z,-5.8654,112.3387,10,5.1
2024-03-28T08:01:54.946Z,-9.1955,110.1543,59.247,5
2024-03-22T08:52:58.999Z,-5.8754,112.3646,9.471,6.4
2024-03-22T05:31:12.251Z,-5.909,112.3829,10,5.2
2024-03-22T04:22:45.531Z,-5.8155,112.3187,10,5.6
2024-02-25T15:04:57.491Z,-7.3755,105.9647,45.156,5.2
2024-02-25T13:07:04.300Z,-7.3405,105.9282,34,5.6
2024-02-21T22:46:57.363Z,-6.2111,113.9306,606.447,5.1
2024-01-24T13:49:23.071Z,-9.0048,107.2367,22.147,5
2023-12-27T22:43:56.800Z,-7.7769,107.9533,72.197,5.1
2023-12-02T05:37:25.371Z,-9.7881,112.511,43.519,5.2
2023-10-19T14:08:24.664Z,-7.8723,107.2582,58.526,5.1
2023-10-01T04:00:24.335Z,-6.9332,106.7791,113.044,5.3
2023-09-13T05:34:33.417Z,-5.754,110.1746,650.655,5
2023-08-17T04:28:48.151Z,-7.4965,105.5471,54.787,5.4
2023-08-04T00:31:44.377Z,-6.1265,113.093,575.691,5.5
2023-07-23T12:33:29.354Z,-8.6271,111.1186,96.623,5.1
2023-06-30T12:57:42.414Z,-8.6478,110.0229,76.421,5.9
2023-06-07T17:04:55.412Z,-8.8517,110.7921,18,5.6
2023-04-14T10:37:54.474Z,-6.0524,113.0021,578.05,5.4
2023-04-14T09:55:45.220Z,-6.0413,112.0478,597,7
2023-03-17T12:05:27.335Z,-9.021,109.7511,49.69,5
2023-03-16T05:22:40.581Z,-10.5406,113.313,10,5.2
2023-02-07T00:35:51.557Z,-7.2442,106.0073,50.524,5.4
2023-01-18T16:27:49.542Z,-10.9587,111.7241,10,5.1
2023-01-17T04:36:12.829Z,-9.0476,112.5383,66.345,5
2023-01-09T12:26:33.947Z,-8.8299,111.1757,67.859,5.3
2022-12-24T20:57:34.587Z,-9.1684,109.5722,46.858,5
2022-12-08T00:50:55.572Z,-6.7109,107.1456,107,5.8
2022-12-06T10:22:02.960Z,-10.5362,113.448,10,5.3
2022-12-06T06:07:48.037Z,-10.7234,113.386,17,5.9
2022-12-03T09:49:40.213Z,-7.2331,107.6139,120,5.6
2022-11-21T06:21:07.066Z,-6.836,106.9968,10,5.6
2022-11-19T18:28:30.196Z,-7.7701,107.9887,69.988,5
2022-11-13T15:10:21.938Z,-8.9501,108.8343,39.775,5.2
2022-11-12T13:18:47.398Z,-8.0496,107.418,55.403,5.2
2022-09-17T06:24:59.047Z,-7.16,105.1422,24.613,5
2022-07-17T09:13:03.363Z,-9.2537,110.8097,37.06,5.1
2022-07-09T02:53:46.615Z,-9.3644,112.9398,56.35,5.1
2022-07-08T20:27:08.850Z,-9.4648,112.9197,41.048,5.2
2022-06-11T23:55:32.018Z,-8.2905,111.4594,108.58,5
2022-04-01T07:14:12.495Z,-7.2524,106.0683,18.52,5.3
2022-03-16T03:00:03.847Z,-7.6341,107.0324,50.19,5.3
2022-03-12T05:31:11.226Z,-7.3172,106.0704,42.31,5.3
2022-02-17T19:50:58.984Z,-9.3478,107.0103,10,5.1
2022-02-04T10:10:46.682Z,-7.2617,105.9667,44.85,5.2
2022-01-27T16:03:03.386Z,-8.7278,108.0851,21.15,5
2022-01-17T00:25:57.521Z,-7.5134,105.8582,35,5
2022-01-14T09:49:20.820Z,-7.0422,105.2063,34.46,5.4
2022-01-14T09:05:41.461Z,-6.86,105.2887,33,6.6
2021-12-13T05:46:58.852Z,-9.536,113.6533,54.94,5
2021-11-10T02:50:07.762Z,-7.5917,105.8256,21.04,5.1
2021-10-25T06:52:04.052Z,-9.3066,107.8227,10,5.1
2021-06-27T22:15:28.772Z,-8.3453,110.6583,85.47,5.1
2021-05-23T03:50:49.612Z,-6.2692,105.525,15.95,5.2
2021-05-23T03:48:11.936Z,-6.3831,105.3483,10,5.1
2021-05-21T12:09:22.756Z,-8.4206,112.332,106,5.8
2021-04-27T09:23:39.234Z,-7.4516,106.9425,56.93,5
2021-04-14T06:28:42.018Z,-7.0761,106.0265,45.72,5
2021-04-10T23:54:58.852Z,-8.3613,112.469,113.16,5.1
2021-04-10T07:00:15.485Z,-8.5707,112.5054,67,6
2021-02-16T08:42:11.540Z,-6.0656,112.0975,591.69,5.1
2020-11-04T22:21:49.702Z,-7.3061,106.1567,39.99,5.2
2020-10-25T00:56:45.775Z,-7.9934,107.9821,43,5.4
2020-08-23T17:38:01.436Z,-9.6512,108.1878,10,5.2
2020-08-15T07:12:11.735Z,-9.3551,114.0643,54.48,5
2020-07-07T04:44:13.602Z,-6.3146,106.3418,96.85,5.1
2020-07-06T22:54:47.538Z,-5.6023,110.6893,533.76,6.6
2020-06-21T19:33:08.004Z,-8.9211,110.9498,86.6,5.2
2020-03-12T08:03:18.933Z,-8.9032,110.5406,94.26,5.2
2020-03-10T10:18:04.505Z,-6.7852,106.6813,10,5
2020-02-05T18:12:37.734Z,-6.0817,113.0778,592.42,6.2
2019-11-14T10:21:39.375Z,-8.1384,114.8864,10,5
2019-09-19T07:32:58.793Z,-6.0534,111.8968,636.41,5.6
2019-09-19T07:32:01.582Z,-6.0586,111.8877,617.56,5.9
2019-09-19T07:06:33.291Z,-6.0708,111.8422,610,6.1
2019-08-11T22:51:33.111Z,-9.6418,113.9469,35,5
2019-07-28T14:25:02.625Z,-6.9777,106.1423,58.47,5.1
2019-07-24T01:29:12.731Z,-8.5946,114.3134,102.51,5
2019-07-16T00:18:36.961Z,-8.8208,114.487,80,5.7
2019-06-29T06:47:04.303Z,-8.1929,108.9633,78.89,5.1
2019-06-09T09:32:25.075Z,-8.1979,108.9471,70.44,5.4
2019-05-18T01:51:29.831Z,-9.5083,108.5971,8,5.6
2019-03-10T09:21:46.551Z,-9.2941,112.6658,65.17,5.1
2019-02-18T19:30:22.900Z,-9.5093,112.8605,23,5.7
2019-02-13T23:41:54.620Z,-6.7647,105.803,66.89,5
2019-01-08T09:54:47.990Z,-7.8778,106.5655,35,5.2
2018-11-29T20:42:05.420Z,-8.7025,109.7932,89.24,5
2018-10-13T19:38:25.780Z,-8.8352,105.3796,10,5.1
2018-10-10T18:44:55.280Z,-7.4525,114.4553,9,6
2018-08-28T18:36:32.910Z,-9.0219,110.1451,40,5.2
2018-08-22T22:48:42.610Z,-9.0829,114.8224,70.95,5.1
2018-07-19T12:23:35.660Z,-9.5608,112.8231,31.53,5.4
2018-03-19T11:36:27.050Z,-7.41,105.9404,48.55,5
2018-01-23T06:34:54.980Z,-7.0924,105.9632,48.19,5.9
2017-12-16T00:22:30.840Z,-7.8842,106.8195,44,5.2
2017-12-15T16:47:58.230Z,-7.4921,108.1743,90,6.5
2017-12-12T02:23:10.090Z,-7.1269,107.0917,100.75,5
2017-10-25T16:35:36.480Z,-9.6404,112.9337,35,5
2017-09-25T18:10:43.200Z,-5.9298,106.3876,150.05,5.1
2017-09-20T23:59:24.900Z,-6.1113,113.024,588,5.7
2017-08-27T00:02:22.440Z,-10.326,111.1036,10,5.2
2017-08-03T16:14:23.470Z,-8.1608,108.9879,63.18,5
2017-07-08T22:48:31.650Z,-7.4094,105.9824,8.54,5.2
2017-06-11T23:15:06.150Z,-8.3206,106.259,7,5.7
2017-05-24T16:44:53.570Z,-8.9692,111.9847,58.3,5.4
2017-04-29T10:02:12.550Z,-9.6687,111.8495,10,5.5
2017-04-24T21:29:00.490Z,-6.0171,105.3705,50.16,5
2017-04-23T18:01:13.310Z,-7.7404,108.0192,72.22,5.2
2017-03-21T23:10:25.150Z,-8.4915,115.3233,111.71,5.6
2017-03-14T04:36:30.050Z,-5.6225,110.1835,545.67,5.1
2017-02-15T18:53:38.570Z,-7.5161,107.3878,77.33,5
2017-02-08T08:34:18.360Z,-7.5557,106.9498,74.88,5
2017-02-07T17:21:47.160Z,-8.4287,113.1306,140.72,5.2
2017-01-02T21:02:25.190Z,-8.7459,108.7974,38.14,5.2
2016-11-16T15:10:11.020Z,-9.0027,113.2445,85,5.7
2016-11-11T00:26:46.780Z,-8.8241,111.4821,61.73,5
2016-09-11T15:35:05.860Z,-6.3091,105.2056,10,5
2016-09-10T02:49:54.250Z,-9.8648,111.6546,10,5.2
2016-07-29T09:07:10.430Z,-9.5526,107.018,10,5
2016-07-14T18:28:04.880Z,-10.4691,108.0124,10,5.4
2016-06-28T03:32:44.890Z,-5.992,105.3444,10,5.3
2016-05-17T21:08:56.260Z,-10.0709,107.5385,10,5.2
2016-04-06T14:45:29.620Z,-8.2036,107.3857,29,6.1
2016-03-02T06:09:12.940Z,-8.6191,112.5355,78.32,5.1
2016-02-25T23:35:19.300Z,-8.7463,111.5091,57.44,5.1
2016-02-13T20:45:34.740Z,-9.4645,108.5707,8.14,5.1
2015-12-19T15:03:36.010Z,-8.3684,107.0225,27,5.7
2015-11-28T14:47:18.970Z,-7.0548,105.9999,51.34,5.4
2015-11-11T11:45:23.890Z,-8.9416,110.2187,83.02,5.5
2015-11-07T20:57:51.820Z,-10.1753,111.1987,10,5
2015-11-04T06:14:32.820Z,-6.7492,105.0488,10,5.1
2015-10-10T09:04:01.020Z,-8.0486,107.4009,35,5.2
2015-09-04T20:08:31.580Z,-8.043,107.2248,37,5.4
2015-07-26T07:05:10.130Z,-9.2585,112.6695,52,5.9
2015-07-24T21:44:38.920Z,-8.2477,108.9163,48,5.5
2015-05-12T06:27:03.550Z,-10.0218,108.7317,10,5.1
2015-05-01T02:46:22.140Z,-9.4395,112.9109,61.38,5
2015-03-15T21:19:13.920Z,-9.6876,112.8854,49.71,5
2015-02-02T21:29:40.420Z,-6.1192,105.3624,43.17,5.2
2014-11-03T08:56:30.790Z,-7.4091,105.9668,25.05,5
2014-10-26T08:56:41.720Z,-10.2403,112.7996,36.09,5
2014-10-17T09:26:00.240Z,-6.4963,107.1731,151.61,5.2
2014-09-06T00:37:00.910Z,-6.2746,105.3513,9.05,5
2014-09-01T18:58:33.910Z,-9.3949,106.9751,24.08,5.1
2014-07-24T08:41:07.550Z,-9.1269,111.5753,35,5
2014-07-14T05:05:03.200Z,-8.8188,111.2529,52.51,5.5
2014-06-22T06:38:51.440Z,-7.7615,108.0537,72.02,5.1
2014-04-18T15:07:10.590Z,-9.1005,110.4197,36.93,5
2014-04-18T13:33:36.010Z,-9.0559,110.3444,15.37,5.3
2014-03-20T21:33:00.060Z,-9.653,114.2783,51.41,5
2014-03-09T13:42:18.990Z,-8.8939,113.0771,78.97,5.3
2014-01-27T16:14:00.800Z,-8.0452,109.2927,87.85,5
2014-01-25T05:25:16.000Z,-8.0009,109.3003,84.51,5.2
2014-01-25T05:14:18.510Z,-7.9855,109.2653,66,6.1
2014-01-09T16:16:51.240Z,-6.9559,105.4281,42.78,5
2014-01-05T11:32:11.060Z,-5.9326,105.3544,56.92,5.1
2013-08-22T18:58:36.720Z,-10.5342,114.3361,10,5.1
2013-08-08T10:45:58.200Z,-8.6243,110.9786,9.45,5.3
2013-07-08T02:13:40.600Z,-8.803,113.002,60,5.7
2013-06-13T17:23:51.470Z,-9.997,107.299,6.3,5.4
2013-06-13T16:47:23.320Z,-10.004,107.236,9,6.7
2013-05-06T19:50:22.400Z,-9.159,107.914,23.5,5.1
2013-04-08T18:53:44.370Z,-7.091,106.072,56.4,5.3
2013-02-02T01:19:35.040Z,-6.943,105.372,34.9,5
2012-12-30T07:56:52.070Z,-6.96,105.283,48.3,5
2012-11-22T09:09:32.310Z,-8.918,115.124,78.5,5
2012-11-10T06:05:27.190Z,-7.373,106.666,49.5,5.1
2012-11-01T14:12:01.820Z,-6.762,107.529,142.1,5.7
2012-09-15T17:35:40.980Z,-10.738,113.883,10,5.3
2012-09-15T16:32:21.510Z,-10.732,113.865,10,5.7
2012-09-13T23:40:02.950Z,-10.768,113.755,10,5.4
2012-09-13T01:40:30.040Z,-10.901,113.98,10,5.1
2012-09-11T14:21:36.290Z,-10.705,113.832,10,5.3
2012-09-07T17:41:02.010Z,-10.73,113.833,4.8,5.4
2012-09-04T13:31:04.180Z,-10.652,113.911,14.1,5.2
2012-09-04T12:07:26.630Z,-10.771,113.822,10,5.2
2012-09-04T04:27:13.020Z,-10.839,113.962,10,5
2012-09-03T18:23:05.230Z,-10.708,113.931,14,6.1
2012-06-12T05:59:38.690Z,-5.677,105.494,163.9,5.5
2012-06-04T11:18:13.450Z,-7.692,106.371,50,5.9
2012-04-30T16:56:42.110Z,-8.354,105.422,18.7,5
2012-04-14T19:31:50.000Z,-6.777,105.444,68.1,5.3
2012-04-14T19:26:43.250Z,-6.81,105.457,62.7,5.8
2011-12-22T12:11:56.620Z,-9.106,107.77,40.7,5.1
2011-11-24T03:55:36.540Z,-8.644,109.888,90,5.1
2011-11-06T04:41:57.140Z,-6.132,106.301,163.8,5.2
2011-10-13T03:16:30.160Z,-9.35,114.587,39,6.1
2011-08-08T02:35:04.180Z,-5.824,111.294,510.3,5
2011-07-24T08:23:36.380Z,-7.197,106.458,59.1,5
2011-07-17T10:59:09.690Z,-6.64,106.489,94.8,5
2011-05-28T20:28:55.840Z,-8.756,108.754,45.3,5.1
2011-05-18T05:01:39.470Z,-9.292,112.561,35,5.1
2011-05-17T00:14:57.650Z,-9.203,112.585,28,5.7
2011-05-13T21:43:20.490Z,-9.977,107.647,10,5.2
2011-04-26T06:39:36.520Z,-8.081,108.477,95.4,5.6
2011-04-05T04:34:46.260Z,-6.93,106.22,82.7,5.2
2011-04-03T20:06:40.390Z,-9.848,107.693,14,6.7
2011-02-26T06:29:35.440Z,-6.556,107.187,187.4,5
2011-02-08T15:27:00.080Z,-9.996,113.88,50.3,5.2
2011-01-12T12:44:45.810Z,-6.961,105.083,35,5
2010-12-21T03:59:38.350Z,-8.7,111.197,54.6,5.6
2010-11-09T12:38:59.620Z,-7.865,107.206,56.8,5.1
2010-11-09T07:03:30.360Z,-8.634,110.026,63,5.4
2010-10-01T01:24:26.100Z,-10.925,113.794,15.4,5.3
2010-08-16T22:19:17.250Z,-8.546,112.53,73.6,5
2010-08-11T19:10:21.430Z,-7.495,107.058,37.4,5.3
2010-08-09T03:34:15.980Z,-6.082,112.995,598.5,5.3
2010-07-09T10:13:38.760Z,-6.04,105.495,67.6,5.1
2010-06-26T09:50:43.090Z,-8.07,108.089,68,5.9
2010-06-18T14:42:53.310Z,-8.58,111.34,73.9,5
2010-06-06T16:57:26.980Z,-8.572,112.451,87.6,5.1
2010-06-04T15:12:42.970Z,-9.555,108.279,35,5.1
2010-05-19T00:13:21.120Z,-6.641,105.161,38.9,5.4
2010-05-18T11:59:57.840Z,-7.845,107.22,34.2,5.3
2010-02-11T18:43:09.710Z,-9.905,113.845,51,5.8
2010-02-10T06:33:44.260Z,-9.26,111.025,35,5
2010-01-28T04:01:18.210Z,-9.832,108.788,16.1,5
2010-01-10T00:25:04.230Z,-7.907,107.879,65.2,5.1
2009-11-18T02:17:10.560Z,-9.29,107.506,40.9,5.2
2009-10-16T10:01:08.140Z,-6.452,105.18,35,5.2
2009-10-16T09:52:50.830Z,-6.534,105.223,38,6.1
2009-09-07T16:12:22.560Z,-10.198,110.628,23,6.2
2009-09-02T08:07:44.610Z,-7.765,107.449,54,5.3
2009-09-02T08:02:21.200Z,-7.817,107.393,51.8,5.5
2009-09-02T07:55:01.050Z,-7.782,107.297,46,7
2009-07-31T14:56:16.480Z,-8.795,108.744,17.5,5.4
2009-03-27T20:53:26.670Z,-6.963,106.154,47.4,5
2008-12-11T20:57:25.950Z,-6.02,105.317,40.9,5.1
2008-12-11T20:55:04.160Z,-5.845,105.333,35,5.2
2008-10-11T19:57:28.490Z,-5.609,110.122,532.9,5.2
2008-07-20T06:11:08.200Z,-8.636,111.225,77.8,5.3
2008-07-11T06:51:38.220Z,-9.517,107.619,15.6,5.3
2008-06-15T15:09:30.730Z,-9.553,107.745,11.6,5.1
2008-06-12T05:19:57.410Z,-9.379,112.769,51.9,5.2
2008-04-27T05:02:39.910Z,-7.782,107.876,40.7,5
2008-03-31T13:51:21.140Z,-9.163,111.91,27.9,5.1
2008-02-03T10:55:33.480Z,-8.617,111.521,35,5.1
2008-01-06T08:54:59.200Z,-9.291,107.487,29.8,5.1
2007-12-17T12:46:14.650Z,-10.755,113.355,10,5.3
2007-12-17T00:09:37.220Z,-9.215,112.385,48,5
2007-12-07T10:45:53.720Z,-9.979,113.472,10,5.3
2007-12-01T23:01:32.900Z,-7.068,105.993,87.7,5
2007-11-10T02:43:46.200Z,-8.565,107.854,34.2,5.3
2007-09-24T17:35:29.110Z,-5.875,105.572,35,5
2007-09-11T16:36:09.930Z,-5.73,105.53,10,5
2007-08-10T13:17:57.750Z,-6.521,105.135,51.8,5
2007-08-08T17:05:04.920Z,-5.859,107.419,280,7.5
2007-08-08T17:04:57.840Z,-5.926,107.681,291.2,6.1
2007-06-26T22:23:03.040Z,-10.492,108.149,10,6
2007-05-16T23:37:42.580Z,-6.584,105.22,16.1,5
2007-01-31T20:31:34.840Z,-7.817,107.193,51.7,5.5
2007-01-19T02:44:23.420Z,-9.993,109.672,25,5.8
2006-12-31T13:12:49.520Z,-8.257,111.672,139.9,5
2006-12-29T06:26:49.040Z,-10.701,113.855,10,5.2
2006-12-23T22:59:40.530Z,-6.785,105.635,30,5.5
2006-11-28T13:54:07.740Z,-7.735,107.798,38.4,5.1
2006-11-17T00:57:58.970Z,-9.778,108.905,10,5
2006-09-30T05:50:24.310Z,-10.429,105.756,16,5.4
2006-09-21T18:54:50.050Z,-9.05,110.365,25,6
2006-09-19T13:58:56.860Z,-9.902,107.346,12,5.9
2006-09-04T01:03:49.750Z,-9.264,107.544,10,5.1
2006-08-30T17:43:58.280Z,-9.549,107.731,10,5
2006-08-30T17:39:37.430Z,-9.483,107.768,10,5
2006-08-29T20:59:17.080Z,-9.456,108.282,10,5
2006-08-12T06:55:22.690Z,-9.691,107.588,10,5
2006-08-07T05:02:48.180Z,-9.07,108.052,10,5.1
2006-07-29T09:16:53.530Z,-10.11,108.691,34.7,5.1
2006-07-27T23:19:09.030Z,-9.595,107.356,11.2,5
2006-07-25T14:48:27.530Z,-9.312,108.521,10,5.2
2006-07-25T14:01:26.350Z,-9.348,108.464,21.5,5.1
2006-07-25T12:39:23.830Z,-9.26,108.408,10,5.3
2006-07-25T12:35:37.140Z,-9.305,108.401,10,5.2
2006-07-25T12:34:59.170Z,-9.257,108.503,10,5.1
2006-07-24T16:50:00.220Z,-9.59,107.694,10,5
2006-07-24T16:33:57.090Z,-9.553,107.674,10,5.1
2006-07-24T11:41:30.220Z,-9.642,107.607,10,5.2
2006-07-24T01:23:26.020Z,-9.713,108.101,10,5.1
2006-07-24T00:58:08.120Z,-9.535,107.467,25.4,5.1
2006-07-23T19:43:04.270Z,-9.585,107.441,15.1,5
2006-07-23T17:23:45.700Z,-9.584,107.435,19.2,5.1
2006-07-23T06:53:31.260Z,-10.008,108.676,18.3,5
2006-07-22T03:05:11.200Z,-9.687,108.821,10,5.2
2006-07-21T10:11:09.610Z,-9.184,107.996,10,5
2006-07-20T01:17:26.540Z,-9.11,108.034,10,5.1
2006-07-19T22:47:03.490Z,-9.3,107.55,15.6,5
2006-07-19T22:09:23.500Z,-9.332,108.537,8.4,5
2006-07-19T19:03:54.700Z,-9.485,108.059,10,5.2
2006-07-19T12:01:57.510Z,-9.836,108.331,10,5
2006-07-19T10:57:36.880Z,-6.535,105.389,45,6.1
2006-07-19T07:25:06.360Z,-9.543,107.241,10,5.7
2006-07-19T01:58:55.180Z,-9.216,108.373,10,5.5
2006-07-18T19:13:40.180Z,-9.523,108.693,7.8,5
2006-07-18T19:11:13.290Z,-9.473,108.622,34.9,5
2006-07-18T17:27:58.230Z,-9.275,107.735,30.3,5.2
2006-07-18T15:48:31.970Z,-9.292,107.143,10,5
2006-07-18T14:54:56.590Z,-9.01,107.743,11.9,5
2006-07-18T11:54:12.220Z,-9.441,108.089,35,5
2006-07-18T05:06:30.460Z,-9.821,108.538,10,5.1
2006-07-18T04:18:23.280Z,-9.355,108.779,13.5,5.6
2006-07-18T04:05:48.990Z,-9.198,108.075,10,5.1
2006-07-18T03:34:37.840Z,-9.293,108.53,10,5.3
2006-07-18T02:59:12.330Z,-9.33,108.74,10,5
2006-07-18T02:11:34.020Z,-9.025,107.867,10,5
2006-07-18T02:04:45.960Z,-9.703,107.794,10,5
2006-07-18T01:38:26.150Z,-9.561,107.619,31.3,5
2006-07-18T01:32:48.280Z,-9.183,108.262,34.9,5
2006-07-18T00:15:48.640Z,-9.301,108.753,20,5.7
2006-07-17T23:36:35.510Z,-9.107,107.809,10,5.2
2006-07-17T23:24:27.080Z,-9.342,108.696,10,5
2006-07-17T21:49:04.430Z,-9.635,107.82,10,5
2006-07-17T20:13:19.750Z,-9.326,108.547,26.7,5.1
2006-07-17T19:49:33.240Z,-9.056,107.86,11.7,5.3
2006-07-17T19:44:10.960Z,-9.453,108.642,10,5.1
2006-07-17T19:09:33.180Z,-9.091,107.84,21.9,5.2
2006-07-17T19:00:50.940Z,-9.414,108.231,10,5
2006-07-17T17:40:42.690Z,-9.785,108.329,10,5.1
2006-07-17T16:38:38.920Z,-9.569,107.663,13.3,5.2
2006-07-17T16:27:37.960Z,-9.5,108.318,15.6,5.3
2006-07-17T16:09:55.050Z,-9.369,108.774,26.9,5.9
2006-07-17T15:45:59.820Z,-9.42,108.319,21,6.1
2006-07-17T15:42:02.600Z,-9.529,107.71,12.7,5.5
2006-07-17T15:30:26.820Z,-9.274,108.539,10,5.2
2006-07-17T15:29:00.140Z,-9.22,107.306,0.8,5.3
2006-07-17T15:28:44.490Z,-9.192,107.322,10,5.2
2006-07-17T15:26:22.830Z,-9.057,107.928,32.4,5.3
2006-07-17T15:21:04.720Z,-9.286,108.713,10,5.2
2006-07-17T15:20:53.980Z,-9.383,108.675,12.2,5.4
2006-07-17T15:09:14.660Z,-9.302,108.602,10,5.1
2006-07-17T14:50:55.760Z,-9.241,107.139,10,5.1
2006-07-17T13:56:56.260Z,-9.531,108.019,22.3,5
2006-07-17T13:55:33.660Z,-9.106,107.797,25.7,5.1
2006-07-17T13:53:48.440Z,-9.567,108.014,10,5.3
2006-07-17T13:39:24.600Z,-9.995,107.937,13.3,5
2006-07-17T13:04:06.460Z,-9.53,108.074,6.1,5.1
2006-07-17T13:02:56.880Z,-9.036,107.891,10,5.2
2006-07-17T12:52:12.630Z,-9.009,107.833,23.7,5.7
2006-07-17T11:40:07.350Z,-9.506,108.66,33.2,5
2006-07-17T11:28:48.140Z,-9.293,108.573,33.8,5.3
2006-07-17T11:24:44.500Z,-9.138,107.888,10,5.1
2006-07-17T11:15:35.640Z,-9.247,108.529,35,5.2
2006-07-17T11:07:36.450Z,-9.506,107.649,35.2,5.9
2006-07-17T11:03:14.570Z,-9.345,107.386,10,5.2
2006-07-17T10:44:31.930Z,-9.094,107.68,10,5.5
2006-07-17T10:34:44.330Z,-9.3,107.834,27.4,5.1
2006-07-17T10:26:45.700Z,-9.748,108.235,35,5.2
2006-07-17T10:09:06.760Z,-9.032,107.733,10,5.9
2006-07-17T10:00:19.750Z,-9.606,107.733,10,5.2
2006-07-17T09:55:32.230Z,-9.455,107.758,10,5.1
2006-07-17T09:55:07.990Z,-9.4,107.938,10,5.1
2006-07-17T09:44:11.340Z,-9.533,107.903,19.4,5
2006-07-17T09:13:04.960Z,-9.087,107.76,10,6
2006-07-17T09:05:17.360Z,-9.875,107.886,10,5.7
2006-07-17T09:00:17.700Z,-9.68,107.516,24.9,5.5
2006-07-17T08:41:17.210Z,-9.456,107.736,12.5,5.4
2006-07-17T08:40:07.580Z,-9.46,107.706,10,5.2
2006-07-17T08:38:16.580Z,-9.5,107.764,34.1,5.3
2006-07-17T08:32:28.450Z,-9.281,107.347,17.5,5.6
2006-07-17T08:19:26.680Z,-9.284,107.419,20,7.7
2006-05-26T22:53:58.920Z,-7.961,110.446,12.5,6.3
2006-05-20T06:15:43.400Z,-9.988,112.029,39.7,5
2006-05-19T22:19:23.010Z,-8.687,105.977,28.5,5
2006-05-12T08:16:56.510Z,-5.575,105.395,17.2,5.5
2006-03-16T05:43:09.700Z,-7.366,106.72,20.3,5
2006-02-26T14:42:59.610Z,-8.66,106.04,3.6,5.4
2006-01-20T20:26:51.270Z,-6.082,113.064,579.6,5.2
2005-10-10T10:55:48.430Z,-6.881,105.459,30,5.5
2005-09-24T04:40:24.720Z,-5.845,105.498,57.9,5
2005-06-22T20:08:23.870Z,-7.847,107.463,38.3,5.3
2005-06-11T13:18:51.180Z,-8.923,112.196,60,5.4
2005-03-14T15:37:01.030Z,-8.618,112.716,120.7,5
2005-03-07T13:51:03.570Z,-8.524,113.297,116.8,5.1
2005-01-15T13:47:05.130Z,-6.462,105.236,58.7,6
